queue_rank,ticker,rm,sector,action,missing_current,ingestable_current,latest_mda,latest_fs_notes,latest_sec_idisc
1,IMPACT,C,PF&REIT,fetch_set_news_current_quarter,"MDA, FS notes, auditor",,,,
1,TIF1,C,PF&REIT,fetch_set_news_current_quarter,"MDA, FS notes, auditor",,,,
1,BLAND,C,PROP,fetch_set_news_current_quarter,"MDA, FS notes, auditor",,FY-2025,FY-2025,
1,WIN,C,PROP,fetch_set_news_current_quarter,"MDA, FS notes, auditor",,FY-2025,FY-2025,
1,CIVIL,G,CONS,fetch_set_news_current_quarter,"MDA, FS notes, auditor",,,,
1,CK,G,CONS,fetch_set_news_current_quarter,"MDA, FS notes, auditor",,,,
1,CNT,G,CONS,fetch_set_news_current_quarter,"MDA, FS notes, auditor",,,,
1,ITD,G,CONS,fetch_set_news_current_quarter,"MDA, FS notes, auditor",,,,
1,NL,G,CONS,fetch_set_news_current_quarter,"MDA, FS notes, auditor",,,,
1,NWR,G,CONS,fetch_set_news_current_quarter,"MDA, FS notes, auditor",,,,
1,PREB,G,CONS,fetch_set_news_current_quarter,"MDA, FS notes, auditor",,,,
1,STECON,G,CONS,fetch_set_news_current_quarter,"MDA, FS notes, auditor",,,,
1,SYNTEC,G,CONS,fetch_set_news_current_quarter,"MDA, FS notes, auditor",,,,
1,TEKA,G,CONS,fetch_set_news_current_quarter,"MDA, FS notes, auditor",,,,
1,TPOLY,G,CONS,fetch_set_news_current_quarter,"MDA, FS notes, auditor",,,,
1,UNIQ,G,CONS,fetch_set_news_current_quarter,"MDA, FS notes, auditor",,,,
1,WGE,G,CONS,fetch_set_news_current_quarter,"MDA, FS notes, auditor",,,,
1,A,G,PROP,fetch_set_news_current_quarter,"MDA, FS notes, auditor",,,,
1,A5,G,PROP,fetch_set_news_current_quarter,"MDA, FS notes, auditor",,,,
1,BRI,G,PROP,fetch_set_news_current_quarter,"MDA, FS notes, auditor",,,,
1,BROCK,G,PROP,fetch_set_news_current_quarter,"MDA, FS notes, auditor",,,,
1,KC,G,PROP,fetch_set_news_current_quarter,"MDA, FS notes, auditor",,,,
1,KUN,G,PROP,fetch_set_news_current_quarter,"MDA, FS notes, auditor",,,,
1,LALIN,G,PROP,fetch_set_news_current_quarter,"MDA, FS notes, auditor",,,,
1,MK,G,PROP,fetch_set_news_current_quarter,"MDA, FS notes, auditor",,,,
1,NCH,G,PROP,fetch_set_news_current_quarter,"MDA, FS notes, auditor",,,,
1,NVD,G,PROP,fetch_set_news_current_quarter,"MDA, FS notes, auditor",,,,
1,PEACE,G,PROP,fetch_set_news_current_quarter,"MDA, FS notes, auditor",,,,
1,PF,G,PROP,fetch_set_news_current_quarter,"MDA, FS notes, auditor",,,,
1,PRECHA,G,PROP,fetch_set_news_current_quarter,"MDA, FS notes, auditor",,,,
1,PRIN,G,PROP,fetch_set_news_current_quarter,"MDA, FS notes, auditor",,,,
1,SAMCO,G,PROP,fetch_set_news_current_quarter,"MDA, FS notes, auditor",,,,
1,GFPT,K,AGRI,fetch_set_news_current_quarter,"MDA, FS notes, auditor",,,,Q3-2025
1,LEE,K,AGRI,fetch_set_news_current_quarter,"MDA, FS notes, auditor",,FY-2025,FY-2025,
1,NER,K,AGRI,fetch_set_news_current_quarter,"MDA, FS notes, auditor",,FY-2025,FY-2025,
1,PCE,K,AGRI,fetch_set_news_current_quarter,"MDA, FS notes, auditor",,FY-2025,FY-2025,
1,PPPM,K,AGRI,fetch_set_news_current_quarter,"MDA, FS notes, auditor",,,,
1,SMO,K,AGRI,fetch_set_news_current_quarter,"MDA, FS notes, auditor",,,,
1,STA,K,AGRI,fetch_set_news_current_quarter,"MDA, FS notes, auditor",,,,
1,TEGH,K,AGRI,fetch_set_news_current_quarter,"MDA, FS notes, auditor",,FY-2025,FY-2025,
1,TL,K,AGRI,fetch_set_news_current_quarter,"MDA, FS notes, auditor",,,,
1,TRUBB,K,AGRI,fetch_set_news_current_quarter,"MDA, FS notes, auditor",,,FY-2025,
1,UPOIC,K,AGRI,fetch_set_news_current_quarter,"MDA, FS notes, auditor",,,,
1,UVAN,K,AGRI,fetch_set_news_current_quarter,"MDA, FS notes, auditor",,,,
1,VPO,K,AGRI,fetch_set_news_current_quarter,"MDA, FS notes, auditor",,,,
1,APCS,K,CONS,fetch_set_news_current_quarter,"MDA, FS notes, auditor",,FY-2025,FY-2025,
1,BJCHI,K,CONS,fetch_set_news_current_quarter,"MDA, FS notes, auditor",,FY-2025,FY-2025,
1,BKD,K,CONS,fetch_set_news_current_quarter,"MDA, FS notes, auditor",,,,
1,DEMCO,K,CONS,fetch_set_news_current_quarter,"MDA, FS notes, auditor",,,,
1,EMC,K,CONS,fetch_set_news_current_quarter,"MDA, FS notes, auditor",,,,
1,JR,K,CONS,fetch_set_news_current_quarter,"MDA, FS notes, auditor",,,,
1,PLE,K,CONS,fetch_set_news_current_quarter,"MDA, FS notes, auditor",,,,
1,PYLON,K,CONS,fetch_set_news_current_quarter,"MDA, FS notes, auditor",,FY-2025,FY-2025,
1,RT,K,CONS,fetch_set_news_current_quarter,"MDA, FS notes, auditor",,,,
1,SEAFCO,K,CONS,fetch_set_news_current_quarter,"MDA, FS notes, auditor",,,,
1,SOLAR,K,CONS,fetch_set_news_current_quarter,"MDA, FS notes, auditor",,,,
1,SQ,K,CONS,fetch_set_news_current_quarter,"MDA, FS notes, auditor",,,,
1,SRICHA,K,CONS,fetch_set_news_current_quarter,"MDA, FS notes, auditor",,,,
1,STI,K,CONS,fetch_set_news_current_quarter,"MDA, FS notes, auditor",,FY-2025,FY-2025,
1,STPI,K,CONS,fetch_set_news_current_quarter,"MDA, FS notes, auditor",,FY-2025,FY-2025,
1,TEAMG,K,CONS,fetch_set_news_current_quarter,"MDA, FS notes, auditor",,,,
1,TRC,K,CONS,fetch_set_news_current_quarter,"MDA, FS notes, auditor",,FY-2025,FY-2025,
1,TRITN,K,CONS,fetch_set_news_current_quarter,"MDA, FS notes, auditor",,,,
1,TTCL,K,CONS,fetch_set_news_current_quarter,"MDA, FS notes, auditor",,,,
1,CTARAF,K,PF&REIT,fetch_set_news_current_quarter,"MDA, FS notes, auditor",,,,
1,LUXF,K,PF&REIT,fetch_set_news_current_quarter,"MDA, FS notes, auditor",,,,
1,M-PAT,K,PF&REIT,fetch_set_news_current_quarter,"MDA, FS notes, auditor",,,,
1,QHOP,K,PF&REIT,fetch_set_news_current_quarter,"MDA, FS notes, auditor",,,,
1,TLHPF,K,PF&REIT,fetch_set_news_current_quarter,"MDA, FS notes, auditor",,,,
1,CCP,O,CONMAT,fetch_set_news_current_quarter,"MDA, FS notes, auditor",,,,
1,DCC,O,CONMAT,fetch_set_news_current_quarter,"MDA, FS notes, auditor",,,,
1,DCON,O,CONMAT,fetch_set_news_current_quarter,"MDA, FS notes, auditor",,,,
1,DRT,O,CONMAT,fetch_set_news_current_quarter,"MDA, FS notes, auditor",,,,
1,EPG,O,CONMAT,fetch_set_news_current_quarter,"MDA, FS notes, auditor",,,,
1,GEL,O,CONMAT,fetch_set_news_current_quarter,"MDA, FS notes, auditor",,,,
1,PPP,O,CONMAT,fetch_set_news_current_quarter,"MDA, FS notes, auditor",,,,
1,Q-CON,O,CONMAT,fetch_set_news_current_quarter,"MDA, FS notes, auditor",,,,
1,SCC,O,CONMAT,fetch_set_news_current_quarter,"MDA, FS notes, auditor",,,,
1,SCCC,O,CONMAT,fetch_set_news_current_quarter,"MDA, FS notes, auditor",,,,
1,SCGD,O,CONMAT,fetch_set_news_current_quarter,"MDA, FS notes, auditor",,,,
1,SCP,O,CONMAT,fetch_set_news_current_quarter,"MDA, FS notes, auditor",,,,
1,SKN,O,CONMAT,fetch_set_news_current_quarter,"MDA, FS notes, auditor",,,,
1,STECH,O,CONMAT,fetch_set_news_current_quarter,"MDA, FS notes, auditor",,,,
1,TASCO,O,CONMAT,fetch_set_news_current_quarter,"MDA, FS notes, auditor",,,,
1,TOA,O,CONMAT,fetch_set_news_current_quarter,"MDA, FS notes, auditor",,,,
1,TPIPL,O,CONMAT,fetch_set_news_current_quarter,"MDA, FS notes, auditor",,,,
1,UMI,O,CONMAT,fetch_set_news_current_quarter,"MDA, FS notes, auditor",,,,
1,VNG,O,CONMAT,fetch_set_news_current_quarter,"MDA, FS notes, auditor",,,,
1,WIIK,O,CONMAT,fetch_set_news_current_quarter,"MDA, FS notes, auditor",,,,
1,WINDOW,O,CONMAT,fetch_set_news_current_quarter,"MDA, FS notes, auditor",,,,
1,BRR,O,FOOD,fetch_set_news_current_quarter,"MDA, FS notes, auditor",,,,
1,CPI,O,FOOD,fetch_set_news_current_quarter,"MDA, FS notes, auditor",,,,
1,KBS,O,FOOD,fetch_set_news_current_quarter,"MDA, FS notes, auditor",,,,
1,KSL,O,FOOD,fetch_set_news_current_quarter,"MDA, FS notes, auditor",,,,
1,KTIS,O,FOOD,fetch_set_news_current_quarter,"MDA, FS notes, auditor",,,,
1,LST,O,FOOD,fetch_set_news_current_quarter,"MDA, FS notes, auditor",,,,
1,TVO,O,FOOD,fetch_set_news_current_quarter,"MDA, FS notes, auditor",,,,
1,B-WORK,O,PF&REIT,fetch_set_news_current_quarter,"MDA, FS notes, auditor",,,,
1,BOFFICE,O,PF&REIT,fetch_set_news_current_quarter,"MDA, FS notes, auditor",,,,
1,CPNCG,O,PF&REIT,fetch_set_news_current_quarter,"MDA, FS notes, auditor",,,,
1,CPTREIT,O,PF&REIT,fetch_set_news_current_quarter,"MDA, FS notes, auditor",,,,
1,FUTURERT,O,PF&REIT,fetch_set_news_current_quarter,"MDA, FS notes, auditor",,,,
1,GVREIT,O,PF&REIT,fetch_set_news_current_quarter,"MDA, FS notes, auditor",,,,
1,ISSARA,O,PF&REIT,fetch_set_news_current_quarter,"MDA, FS notes, auditor",,,,
1,KPNREIT,O,PF&REIT,fetch_set_news_current_quarter,"MDA, FS notes, auditor",,,,
1,MIPF,O,PF&REIT,fetch_set_news_current_quarter,"MDA, FS notes, auditor",,,,
1,POPF,O,PF&REIT,fetch_set_news_current_quarter,"MDA, FS notes, auditor",,,,
1,QHBREIT,O,PF&REIT,fetch_set_news_current_quarter,"MDA, FS notes, auditor",,,,
1,SIRIPRT,O,PF&REIT,fetch_set_news_current_quarter,"MDA, FS notes, auditor",,,,
1,SPRIME,O,PF&REIT,fetch_set_news_current_quarter,"MDA, FS notes, auditor",,,,
1,SSPF,O,PF&REIT,fetch_set_news_current_quarter,"MDA, FS notes, auditor",,,,
1,TPRIME,O,PF&REIT,fetch_set_news_current_quarter,"MDA, FS notes, auditor",,,,
1,WHABT,O,PF&REIT,fetch_set_news_current_quarter,"MDA, FS notes, auditor",,,,
1,APURE,P,FOOD,fetch_set_news_current_quarter,"MDA, FS notes, auditor",,,,
1,BR,P,FOOD,fetch_set_news_current_quarter,"MDA, FS notes, auditor",,,,
1,CH,P,FOOD,fetch_set_news_current_quarter,"MDA, FS notes, auditor",,,,
1,CHAO,P,FOOD,fetch_set_news_current_quarter,"MDA, FS notes, auditor",,,,
1,CM,P,FOOD,fetch_set_news_current_quarter,"MDA, FS notes, auditor",,,,
1,COCOCO,P,FOOD,fetch_set_news_current_quarter,"MDA, FS notes, auditor",,,,
1,F&D,P,FOOD,fetch_set_news_current_quarter,"MDA, FS notes, auditor",,,,
1,FM,P,FOOD,fetch_set_news_current_quarter,"MDA, FS notes, auditor",,,,
1,HTC,P,FOOD,fetch_set_news_current_quarter,"MDA, FS notes, auditor",,,,
1,JDF,P,FOOD,fetch_set_news_current_quarter,"MDA, FS notes, auditor",,,,
1,KCG,P,FOOD,fetch_set_news_current_quarter,"MDA, FS notes, auditor",,,,
1,MALEE,P,FOOD,fetch_set_news_current_quarter,"MDA, FS notes, auditor",,,,
1,NRF,P,FOOD,fetch_set_news_current_quarter,"MDA, FS notes, auditor",,,,
1,NSL,P,FOOD,fetch_set_news_current_quarter,"MDA, FS notes, auditor",,,,
1,PLUS,P,FOOD,fetch_set_news_current_quarter,"MDA, FS notes, auditor",,,,
1,PM,P,FOOD,fetch_set_news_current_quarter,"MDA, FS notes, auditor",,,,
1,RBF,P,FOOD,fetch_set_news_current_quarter,"MDA, FS notes, auditor",,,,
1,SAUCE,P,FOOD,fetch_set_news_current_quarter,"MDA, FS notes, auditor",,,,
1,SNNP,P,FOOD,fetch_set_news_current_quarter,"MDA, FS notes, auditor",,,,
1,SORKON,P,FOOD,fetch_set_news_current_quarter,"MDA, FS notes, auditor",,,,
1,SUN,P,FOOD,fetch_set_news_current_quarter,"MDA, FS notes, auditor",,,,
1,TKN,P,FOOD,fetch_set_news_current_quarter,"MDA, FS notes, auditor",,,,
1,LHRREIT,P,PF&REIT,fetch_set_news_current_quarter,"MDA, FS notes, auditor",,,,
1,MNIT,P,PF&REIT,fetch_set_news_current_quarter,"MDA, FS notes, auditor",,,,
1,MNIT2,P,PF&REIT,fetch_set_news_current_quarter,"MDA, FS notes, auditor",,,,
1,MNRF,P,PF&REIT,fetch_set_news_current_quarter,"MDA, FS notes, auditor",,,,
1,TU-PF,P,PF&REIT,fetch_set_news_current_quarter,"MDA, FS notes, auditor",,,,
1,HYDROGEN,T,PF&REIT,fetch_set_news_current_quarter,"MDA, FS notes, auditor",,,,
1,KTBSTMR,T,PF&REIT,fetch_set_news_current_quarter,"MDA, FS notes, auditor",,,,
1,M-STOR,T,PF&REIT,fetch_set_news_current_quarter,"MDA, FS notes, auditor",,,,
1,MII,T,PF&REIT,fetch_set_news_current_quarter,"MDA, FS notes, auditor",,,,
1,PROSPECT,T,PF&REIT,fetch_set_news_current_quarter,"MDA, FS notes, auditor",,,,
1,AKS,T,PROP,fetch_set_news_current_quarter,"MDA, FS notes, auditor",,,,
1,ANAN,T,PROP,fetch_set_news_current_quarter,"MDA, FS notes, auditor",,,,
1,ASW,T,PROP,fetch_set_news_current_quarter,"MDA, FS notes, auditor",,,,
1,CGD,T,PROP,fetch_set_news_current_quarter,"MDA, FS notes, auditor",,,,
1,CI,T,PROP,fetch_set_news_current_quarter,"MDA, FS notes, auditor",,,,
1,CMC,T,PROP,fetch_set_news_current_quarter,"MDA, FS notes, auditor",,,,
1,ESTAR,T,PROP,fetch_set_news_current_quarter,"MDA, FS notes, auditor",,,,
1,EVER,T,PROP,fetch_set_news_current_quarter,"MDA, FS notes, auditor",,,,
1,FPT,T,PROP,fetch_set_news_current_quarter,"MDA, FS notes, auditor",,,,Q3-2025
1,GLAND,T,PROP,fetch_set_news_current_quarter,"MDA, FS notes, auditor",,,,
1,LPN,T,PROP,fetch_set_news_current_quarter,"MDA, FS notes, auditor",,,,
1,MJD,T,PROP,fetch_set_news_current_quarter,"MDA, FS notes, auditor",,,,
1,NOBLE,T,PROP,fetch_set_news_current_quarter,"MDA, FS notes, auditor",,,,
1,ORN,T,PROP,fetch_set_news_current_quarter,"MDA, FS notes, auditor",,,,
1,PROUD,T,PROP,fetch_set_news_current_quarter,"MDA, FS notes, auditor",,,,
1,PSH,T,PROP,fetch_set_news_current_quarter,"MDA, FS notes, auditor",,,,
1,QH,T,PROP,fetch_set_news_current_quarter,"MDA, FS notes, auditor",,,,
1,RABBIT,T,PROP,fetch_set_news_current_quarter,"MDA, FS notes, auditor",,,,
1,RICHY,T,PROP,fetch_set_news_current_quarter,"MDA, FS notes, auditor",,,,
1,RML,T,PROP,fetch_set_news_current_quarter,"MDA, FS notes, auditor",,,,
1,S,T,PROP,fetch_set_news_current_quarter,"MDA, FS notes, auditor",,,,
1,SA,T,PROP,fetch_set_news_current_quarter,"MDA, FS notes, auditor",,,,
1,SENA,T,PROP,fetch_set_news_current_quarter,"MDA, FS notes, auditor",,,,
1,SIRI,T,PROP,fetch_set_news_current_quarter,"MDA, FS notes, auditor",,,,Q3-2025
1,STELLA,T,PROP,fetch_set_news_current_quarter,"MDA, FS notes, auditor",,,,
1,UV,T,PROP,fetch_set_news_current_quarter,"MDA, FS notes, auditor",,,,
